[{"model": "main.floor", "pk": 1, "fields": {"number": 1}}, {"model": "main.cabinet", "pk": 1, "fields": {"name": "325\u044e", "auditoria": true, "floor": 1, "longitude": 306, "latitude": 284, "node": 7}}, {"model": "main.cabinet", "pk": 2, "fields": {"name": "339\u044e", "auditoria": true, "floor": 1, "longitude": 173, "latitude": 402, "node": 5}}, {"model": "main.cabinet", "pk": 3, "fields": {"name": "337\u044e", "auditoria": true, "floor": 1, "longitude": 183, "latitude": 376, "node": 6}}, {"model": "main.cabinet", "pk": 4, "fields": {"name": "335\u044e \u0432\u044b\u0445\u043e\u0434", "auditoria": false, "floor": 1, "longitude": 224, "latitude": 372, "node": 6}}, {"model": "main.cabinet", "pk": 5, "fields": {"name": "339\u044e \u0432\u044b\u0445\u043e\u0434", "auditoria": false, "floor": 1, "longitude": 206, "latitude": 409, "node": 5}}, {"model": "main.cabinet", "pk": 6, "fields": {"name": "337\u044e \u0432\u044b\u0445\u043e\u0434", "auditoria": false, "floor": 1, "longitude": 211, "latitude": 391, "node": 5}}, {"model": "main.cabinet", "pk": 7, "fields": {"name": "325\u044e \u0432\u044b\u0445\u043e\u0434", "auditoria": false, "floor": 1, "longitude": 308, "latitude": 313, "node": 15}}, {"model": "main.cabinet", "pk": 8, "fields": {"name": "333\u044e \u0432\u044b\u0445\u043e\u0434", "auditoria": false, "floor": 1, "longitude": 233, "latitude": 359, "node": 4}}, {"model": "main.cabinet", "pk": 9, "fields": {"name": "331\u044e \u0432\u044b\u0445\u043e\u0434", "auditoria": false, "floor": 1, "longitude": 255, "latitude": 343, "node": 8}}, {"model": "main.cabinet", "pk": 10, "fields": {"name": "329\u044e \u0432\u044b\u0445\u043e\u0434", "auditoria": false, "floor": 1, "longitude": 273, "latitude": 334, "node": 9}}, {"model": "main.cabinet", "pk": 11, "fields": {"name": "335\u044e", "auditoria": true, "floor": 1, "longitude": 194, "latitude": 352, "node": 4}}, {"model": "main.cabinet", "pk": 12, "fields": {"name": "333\u044e", "auditoria": true, "floor": 1, "longitude": 210, "latitude": 334, "node": 8}}, {"model": "main.cabinet", "pk": 13, "fields": {"name": "331\u044e", "auditoria": true, "floor": 1, "longitude": 231, "latitude": 315, "node": 9}}, {"model": "main.cabinet", "pk": 14, "fields": {"name": "329\u044e", "auditoria": true, "floor": 1, "longitude": 256, "latitude": 301, "node": 10}}, {"model": "main.cabinet", "pk": 15, "fields": {"name": "327\u044e \u0432\u044b\u0445\u043e\u0434", "auditoria": false, "floor": 1, "longitude": 291, "latitude": 325, "node": 10}}, {"model": "main.cabinet", "pk": 16, "fields": {"name": "327\u044e", "auditoria": true, "floor": 1, "longitude": 281, "latitude": 290, "node": 15}}, {"model": "main.employee", "pk": 183, "fields": {"first_name": "\u0412\u0430\u043b\u0435\u0440\u0438\u0439", "last_name": "\u0427\u0435\u0440\u043d\u0435\u043d\u044c\u043a\u0438\u0439", "middle_name": "\u041c\u0438\u0445\u0430\u0439\u043b\u043e\u0432\u0438\u0447"}}, {"model": "main.employee", "pk": 184, "fields": {"first_name": "\u0410\u043b\u0435\u043a\u0441\u0430\u043d\u0434\u0440", "last_name": "\u0411\u0430\u043b\u0434\u0438\u043d", "middle_name": "\u0412\u0438\u043a\u0442\u043e\u0440\u043e\u0432\u0438\u0447"}}, {"model": "main.employee", "pk": 185, "fields": {"first_name": "\u041e\u043b\u0435\u0433", "last_name": "\u0412\u0430\u0440\u043b\u0430\u043c\u043e\u0432", "middle_name": "\u041e\u043b\u0435\u0433\u043e\u0432\u0438\u0447"}}, {"model": "main.employee", "pk": 186, "fields": {"first_name": "\u042e\u0440\u0438\u0439", "last_name": "\u0413\u0440\u0438\u0433\u043e\u0440\u044c\u0435\u0432", "middle_name": "\u0410\u043b\u0435\u043a\u0441\u0430\u043d\u0434\u0440\u043e\u0432\u0438\u0447"}}, {"model": "main.employee", "pk": 187, "fields": {"first_name": "\u041b\u0435\u043e\u043d\u0438\u0434", "last_name": "\u041b\u0430\u0431\u0443\u043d\u0435\u0446", "middle_name": "\u0412\u0438\u0442\u0430\u043b\u044c\u0435\u0432\u0438\u0447"}}, {"model": "main.employee", "pk": 188, "fields": {"first_name": "\u041a\u043e\u043d\u0441\u0442\u0430\u043d\u0442\u0438\u043d", "last_name": "\u041c\u044b\u0448\u0435\u043d\u043a\u043e\u0432", "middle_name": "\u0421\u0435\u0440\u0433\u0435\u0435\u0432\u0438\u0447"}}, {"model": "main.employee", "pk": 189, "fields": {"first_name": "\u0412\u0438\u043a\u0442\u043e\u0440", "last_name": "\u0421\u0442\u0440\u043e\u0433\u0430\u043d\u043e\u0432", "middle_name": "\u042e\u0440\u044c\u0435\u0432\u0438\u0447"}}, {"model": "main.employee", "pk": 190, "fields": {"first_name": "\u0414\u043c\u0438\u0442\u0440\u0438\u0439", "last_name": "\u0421\u0442\u0440\u043e\u0433\u0430\u043d\u043e\u0432", "middle_name": "\u0412\u0438\u043a\u0442\u043e\u0440\u043e\u0432\u0438\u0447"}}, {"model": "main.employee", "pk": 191, "fields": {"first_name": "\u0413\u0435\u043d\u043d\u0430\u0434\u0438\u0439", "last_name": "\u0410\u0444\u0430\u043d\u0430\u0441\u044c\u0435\u0432", "middle_name": "\u0418\u0432\u0430\u043d\u043e\u0432\u0438\u0447"}}, {"model": "main.employee", "pk": 192, "fields": {"first_name": "\u0421\u0435\u0440\u0433\u0435\u0439", "last_name": "\u0411\u043e\u043b\u044c\u0448\u0430\u043a\u043e\u0432", "middle_name": "\u0410\u043b\u0435\u043a\u0441\u0435\u0435\u0432\u0438\u0447"}}, {"model": "main.employee", "pk": 193, "fields": {"first_name": "\u0412\u0430\u043b\u0435\u043d\u0442\u0438\u043d\u0430", "last_name": "\u0411\u0435\u043b\u043e\u0443\u0441\u043e\u0432\u0430", "middle_name": "\u0418\u0432\u0430\u043d\u043e\u0432\u043d\u0430"}}, {"model": "main.employee", "pk": 194, "fields": {"first_name": "\u0418\u0440\u0438\u043d\u0430", "last_name": "\u0411\u0443\u043b\u0430\u0442\u043e\u0432\u0430", "middle_name": "\u0413\u0435\u043e\u0440\u0433\u0438\u0435\u0432\u043d\u0430"}}, {"model": "main.employee", "pk": 195, "fields": {"first_name": "\u0412\u0430\u043b\u0435\u0440\u0438\u0439", "last_name": "\u0412\u0438\u043d\u043e\u0433\u0440\u0430\u0434\u043e\u0432", "middle_name": "\u0418\u0432\u0430\u043d\u043e\u0432\u0438\u0447"}}, {"model": "main.employee", "pk": 196, "fields": {"first_name": "\u041c\u0430\u0440\u0438\u044f", "last_name": "\u0412\u0438\u043d\u043e\u0433\u0440\u0430\u0434\u043e\u0432\u0430", "middle_name": "\u0412\u0430\u043b\u0435\u0440\u044c\u0435\u0432\u043d\u0430"}}, {"model": "main.employee", "pk": 197, "fields": {"first_name": "\u0412\u0430\u043b\u0435\u0440\u0438\u0439", "last_name": "\u0413\u0430\u043b\u043a\u0438\u043d", "middle_name": "\u0410\u043b\u0435\u043a\u0441\u0430\u043d\u0434\u0440\u043e\u0432\u0438\u0447"}}, {"model": "main.employee", "pk": 198, "fields": {"first_name": "\u042e\u0440\u0438\u0439", "last_name": "\u0413\u0430\u043f\u0430\u043d\u044e\u043a", "middle_name": "\u0415\u0432\u0433\u0435\u043d\u044c\u0435\u0432\u0438\u0447"}}, {"model": "main.employee", "pk": 199, "fields": {"first_name": "\u0411\u043e\u0440\u0438\u0441", "last_name": "\u0413\u043e\u0440\u044f\u0447\u043a\u0438\u043d", "middle_name": "\u0421\u0435\u0440\u0433\u0435\u0435\u0432\u0438\u0447"}}, {"model": "main.employee", "pk": 200, "fields": {"first_name": "\u0421\u0435\u0440\u0433\u0435\u0439", "last_name": "\u041a\u0435\u0441\u0435\u043b\u044c", "middle_name": "\u0410\u043b\u0435\u043a\u0441\u0430\u043d\u0434\u0440\u043e\u0432\u0438\u0447"}}, {"model": "main.employee", "pk": 201, "fields": {"first_name": "\u0410\u043b\u0435\u043a\u0441\u0430\u043d\u0434\u0440", "last_name": "\u041a\u043e\u0437\u043b\u043e\u0432", "middle_name": "\u0414\u043c\u0438\u0442\u0440\u0438\u0435\u0432\u0438\u0447"}}, {"model": "main.employee", "pk": 202, "fields": {"first_name": "\u0412\u044f\u0447\u0435\u0441\u043b\u0430\u0432", "last_name": "\u041a\u0443\u0437\u043e\u0432\u043b\u0435\u0432", "middle_name": "\u0418\u0432\u0430\u043d\u043e\u0432\u0438\u0447"}}, {"model": "main.employee", "pk": 203, "fields": {"first_name": "\u0410\u043b\u0435\u043a\u0441\u0435\u0439", "last_name": "\u041c\u0430\u043a\u0441\u0430\u043a\u043e\u0432", "middle_name": "\u0410\u043b\u0435\u043a\u0441\u0430\u043d\u0434\u0440\u043e\u0432\u0438\u0447"}}, {"model": "main.employee", "pk": 204, "fields": {"first_name": "\u0412\u044f\u0447\u0435\u0441\u043b\u0430\u0432", "last_name": "\u041c\u0438\u0445\u0435\u0435\u0432", "middle_name": "\u0410\u043b\u0435\u043a\u0441\u0430\u043d\u0434\u0440\u043e\u0432\u0438\u0447"}}, {"model": "main.employee", "pk": 205, "fields": {"first_name": "\u0410\u043b\u0435\u043a\u0441\u0430\u043d\u0434\u0440", "last_name": "\u041d\u043e\u0432\u0438\u043a\u043e\u0432", "middle_name": "\u0421\u0435\u0440\u0430\u0444\u0438\u043c\u043e\u0432\u0438\u0447"}}, {"model": "main.employee", "pk": 206, "fields": {"first_name": "\u042e\u0440\u0438\u0439", "last_name": "\u041d\u0435\u0441\u0442\u0435\u0440\u043e\u0432", "middle_name": "\u0413\u0440\u0438\u0433\u043e\u0440\u044c\u0435\u0432\u0438\u0447"}}, {"model": "main.employee", "pk": 207, "fields": {"first_name": "\u0418\u0433\u043e\u0440\u044c", "last_name": "\u041f\u0430\u043f\u0448\u0435\u0432", "middle_name": "\u0421\u0442\u0435\u043f\u0430\u043d\u043e\u0432\u0438\u0447"}}, {"model": "main.employee", "pk": 208, "fields": {"first_name": "\u0412\u0438\u0442\u0430\u043b\u0438\u0439", "last_name": "\u041f\u043e\u0441\u0442\u043d\u0438\u043a\u043e\u0432", "middle_name": "\u041c\u0438\u0445\u0430\u0439\u043b\u043e\u0432\u0438\u0447"}}, {"model": "main.employee", "pk": 209, "fields": {"first_name": "\u0413\u0435\u043e\u0440\u0433\u0438\u0439", "last_name": "\u0420\u0435\u0432\u0443\u043d\u043a\u043e\u0432", "middle_name": "\u0418\u0432\u0430\u043d\u043e\u0432\u0438\u0447"}}, {"model": "main.employee", "pk": 210, "fields": {"first_name": "\u041f\u0435\u0442\u0440", "last_name": "\u0421\u0435\u043c\u043a\u0438\u043d", "middle_name": "\u0421\u0442\u0435\u043f\u0430\u043d\u043e\u0432\u0438\u0447"}}, {"model": "main.employee", "pk": 211, "fields": {"first_name": "\u0421\u0435\u0440\u0433\u0435\u0439", "last_name": "\u0421\u043f\u0438\u0440\u0438\u0434\u043e\u043d\u043e\u0432", "middle_name": "\u0411\u043e\u0440\u0438\u0441\u043e\u0432\u0438\u0447"}}, {"model": "main.employee", "pk": 212, "fields": {"first_name": "\u0412\u0430\u043b\u0435\u0440\u0438\u0439", "last_name": "\u0422\u0435\u0440\u0435\u0445\u043e\u0432", "middle_name": "\u0418\u0433\u043e\u0440\u0435\u0432\u0438\u0447"}}, {"model": "main.employee", "pk": 213, "fields": {"first_name": "\u0412\u0438\u043a\u0442\u043e\u0440", "last_name": "\u0422\u0438\u043c\u043e\u0444\u0435\u0435\u0432", "middle_name": "\u0411\u043e\u0440\u0438\u0441\u043e\u0432\u0438\u0447"}}, {"model": "main.employee", "pk": 214, "fields": {"first_name": "\u0421\u043b\u0430\u0432\u0438\u043a", "last_name": "\u0422\u043e\u043d\u043e\u044f\u043d", "middle_name": "\u0410\u043d\u0443\u0448\u0430\u0432\u0430\u043d\u043e\u0432\u0438\u0447"}}, {"model": "main.employee", "pk": 215, "fields": {"first_name": "\u0410\u043d\u0434\u0440\u0435\u0439", "last_name": "\u0424\u0438\u043b\u0438\u043f\u043f\u043e\u0432\u0438\u0447", "middle_name": "\u042e\u0440\u044c\u0435\u0432\u0438\u0447"}}, {"model": "main.employee", "pk": 216, "fields": {"first_name": "\u0410\u043d\u043d\u0430", "last_name": "\u0424\u0438\u043b\u0438\u043f\u043f\u043e\u0432\u0438\u0447", "middle_name": "\u042e\u0440\u044c\u0435\u0432\u043d\u0430"}}, {"model": "main.employee", "pk": 217, "fields": {"first_name": "\u041c\u0438\u0445\u0430\u0438\u043b", "last_name": "\u0427\u0435\u0440\u043d\u0435\u043d\u044c\u043a\u0438\u0439", "middle_name": "\u0412\u0430\u043b\u0435\u0440\u044c\u0435\u0432\u0438\u0447"}}, {"model": "main.employee", "pk": 218, "fields": {"first_name": "\u0421\u0442\u0430\u043d\u0438\u0441\u043b\u0430\u0432", "last_name": "\u0427\u0435\u0440\u043d\u0435\u043d\u044c\u043a\u0438\u0439", "middle_name": "\u0412\u0430\u043b\u0435\u0440\u044c\u0435\u0432\u0438\u0447"}}, {"model": "main.employee", "pk": 219, "fields": {"first_name": "\u0412\u0430\u043b\u0435\u0440\u0438\u0439", "last_name": "\u0427\u0438\u0441\u0442\u043e\u0432", "middle_name": "\u0412\u0430\u0441\u0438\u043b\u044c\u0435\u0432\u0438\u0447"}}, {"model": "main.employee", "pk": 220, "fields": {"first_name": "\u041f\u0435\u0442\u0440", "last_name": "\u0428\u043a\u0430\u0442\u043e\u0432", "middle_name": "\u041d\u0438\u043a\u043e\u043b\u0430\u0435\u0432\u0438\u0447"}}, {"model": "main.employee", "pk": 221, "fields": {"first_name": "\u0412\u043b\u0430\u0434\u0438\u043c\u0438\u0440", "last_name": "\u0428\u0443\u043a", "middle_name": "\u041f\u0430\u0432\u043b\u043e\u0432\u0438\u0447"}}, {"model": "main.employee", "pk": 222, "fields": {"first_name": "\u041c\u0430\u043d\u0430\u0441", "last_name": "\u0410\u0431\u0443\u043b\u043a\u0430\u0441\u0438\u043c\u043e\u0432", "middle_name": "\u041c\u0443\u043a\u0438\u0442\u043e\u0432\u0438\u0447"}}, {"model": "main.employee", "pk": 223, "fields": {"first_name": "\u0410\u043d\u0434\u0440\u0435\u0439", "last_name": "\u0410\u043a\u0441\u0451\u043d\u043e\u0432", "middle_name": "\u041d\u0438\u043a\u043e\u043b\u0430\u0435\u0432\u0438\u0447"}}, {"model": "main.employee", "pk": 224, "fields": {"first_name": "\u041c\u0430\u0440\u0438\u044f", "last_name": "\u0410\u043a\u0441\u0451\u043d\u043e\u0432\u0430", "middle_name": "\u0412\u043b\u0430\u0434\u0438\u043c\u0438\u0440\u043e\u0432\u043d\u0430"}}, {"model": "main.employee", "pk": 225, "fields": {"first_name": "\u0410\u0440\u0442\u0435\u043c", "last_name": "\u0410\u043d\u0442\u043e\u043d\u043e\u0432", "middle_name": "\u0418\u043b\u044c\u0438\u0447"}}, {"model": "main.employee", "pk": 226, "fields": {"first_name": "\u0418\u0433\u043e\u0440\u044c", "last_name": "\u0411\u0435\u043b\u043e\u043d\u043e\u0433\u043e\u0432", "middle_name": "\u0411\u043e\u0440\u0438\u0441\u043e\u0432\u0438\u0447"}}, {"model": "main.employee", "pk": 227, "fields": {"first_name": "\u041d\u0430\u0442\u0430\u043b\u044c\u044f", "last_name": "\u041a\u043e\u0432\u0430\u043b\u0435\u0432\u0430", "middle_name": "\u0410\u043b\u0435\u043a\u0441\u0430\u043d\u0434\u0440\u043e\u0432\u043d\u0430"}}, {"model": "main.position", "pk": 46, "fields": {"name": "\u043f\u0440\u043e\u0444\u0435\u0441\u0441\u043e\u0440"}}, {"model": "main.position", "pk": 47, "fields": {"name": "\u043a.\u0442.\u043d."}}, {"model": "main.position", "pk": 48, "fields": {"name": "\u0434.\u0442.\u043d."}}, {"model": "main.position", "pk": 49, "fields": {"name": "\u0437\u0430\u0432.\u043a\u0430\u0444\u0435\u0434\u0440\u044b"}}, {"model": "main.position", "pk": 50, "fields": {"name": "\u0434\u0435\u043a\u0430\u043d"}}, {"model": "main.position", "pk": 51, "fields": {"name": "\u0437\u0430\u043c.\u0434\u0435\u043a\u0430\u043d\u0430"}}, {"model": "main.position", "pk": 52, "fields": {"name": "\u0437\u0430\u043c.\u0437\u0430\u0432.\u043a\u0430\u0444\u0435\u0434\u0440\u044b"}}, {"model": "main.schedule", "pk": 1, "fields": {"employee": 198, "cabinet": 1, "time_from": "13:50:00", "time_to": "15:25:00", "weekday": 2, "week_type": 0}}, {"model": "main.schedule", "pk": 2, "fields": {"employee": 198, "cabinet": 1, "time_from": "13:50:00", "time_to": "15:25:00", "weekday": 0, "week_type": 0}}, {"model": "main.schedule", "pk": 3, "fields": {"employee": 183, "cabinet": 3, "time_from": "10:00:00", "time_to": "17:00:00", "weekday": 3, "week_type": 0}}, {"model": "main.posheld", "pk": 3, "fields": {"employee": 183, "position": 49}}, {"model": "main.posheld", "pk": 4, "fields": {"employee": 194, "position": 52}}]